figure_id,figure_stem,data_file,figure_role,analysis_scope,analytical_window,notes
01,figure_01_national_beneficiaries_rate_2020_2025,output/tables/figure_data/figure_01a_national_levels_2020_2025.csv,primary,national_beneficiary,2020-2025,Same plotted data as figure 01a.
01a,figure_01a_national_levels_2020_2025,output/tables/figure_data/figure_01a_national_levels_2020_2025.csv,candidate_primary_duplicate,national_beneficiary,2020-2025,Panels use independent vertical scales.
01b,figure_01b_national_indexed_2020_2025,output/tables/figure_data/figure_01b_national_indexed_2020_2025.csv,alternative,national_beneficiary,2020-2025,Values indexed to 2020 within measure.
01c,figure_01c_national_annual_change_2021_2025,output/tables/figure_data/figure_01c_national_annual_change_2021_2025.csv,alternative,national_beneficiary,2021-2025,Percentage change from previous calendar year.
02,figure_02_active_substance_boxes_2019_2025,output/tables/figure_data/figure_02a_active_substance_boxes_2019_2025.csv,primary,national_active_substance,2019-2025,Same plotted data as figure 02a.
02a,figure_02a_active_substance_boxes_2019_2025,output/tables/figure_data/figure_02a_active_substance_boxes_2019_2025.csv,candidate_primary_duplicate,national_active_substance,2019-2025,Annual reimbursed boxes by active substance.
02b,figure_02b_active_substance_box_composition_2019_2025,output/tables/figure_data/figure_02b_active_substance_box_composition_2019_2025.csv,alternative,national_active_substance,2019-2025,Annual shares calculated from reimbursed boxes.
02c,figure_02c_active_substance_box_change_contributions_2023_2025,output/tables/figure_data/figure_02c_active_substance_box_change_contributions_2023_2025.csv,alternative,national_active_substance,2023-2025,Substance changes sum to the displayed national net change.
03,figure_03_age_sex_rates_2020_2025,output/tables/figure_data/figure_03a_age_sex_rates_2020_2025.csv,primary,national_age_sex,2020-2025,Same plotted data as figure 03a.
03a,figure_03a_age_sex_rates_2020_2025,output/tables/figure_data/figure_03a_age_sex_rates_2020_2025.csv,candidate_primary_duplicate,national_age_sex,2020-2025,Age-group panels use independent vertical scales.
03b,figure_03b_age_sex_indexed_2020_2025,output/tables/figure_data/figure_03b_age_sex_indexed_2020_2025.csv,alternative,national_age_sex,2020-2025,Values indexed to 2020 within age-sex stratum.
03c,figure_03c_age_sex_change_2020_2025,output/tables/figure_data/figure_03c_age_sex_change_2020_2025.csv,alternative,national_age_sex,2020-2025,Endpoint relative change; low 0-19 baseline rates require caution.
04,figure_04_regional_standardised_rates_2025,output/tables/figure_data/figure_04a_regional_standardised_rates_2025.csv,primary,regional,2025,Same plotted data as figure 04a.
04a,figure_04a_regional_standardised_rates_2025,output/tables/figure_data/figure_04a_regional_standardised_rates_2025.csv,candidate_primary_duplicate,regional,2025,2025 standardised ranking; overseas aggregate highlighted.
04b,figure_04b_regional_crude_standardised_2025,output/tables/figure_data/figure_04b_regional_crude_standardised_2025.csv,alternative,regional,2025,Crude and age-sex-standardised rates compared directly.
04c,figure_04c_regional_annual_change_2023_2025,output/tables/figure_data/figure_04c_regional_annual_change_2023_2025.csv,alternative,regional,2023-2025,Annual change in standardised rates; all cells are point estimates.
04d,figure_04d_regional_crude_rate_heatmap_2020_2025,output/tables/figure_data/figure_04d_regional_crude_rate_heatmap_2020_2025.csv,alternative,regional,2020-2025,Exact crude rates; ordered by 2025 standardised rate.
04e,figure_04e_regional_standardised_trends_2020_2025,output/tables/figure_data/figure_04e_regional_standardised_trends_2020_2025.csv,alternative,regional,2020-2025,"Intervals in 2020-2021 are disclosure-control bounds, not confidence intervals."
04f,figure_04f_regional_growth_rebound_2024_2025,output/tables/figure_data/figure_04f_regional_growth_rebound_2024_2025.csv,alternative,regional,2024-2025,Regional codes identify points; diagonal denotes unchanged growth.
05,figure_05_regional_standardised_rate_map_2025,output/tables/figure_data/figure_05_regional_standardised_rate_map_2025.csv,primary,regional_geospatial,2025,Metropolitan choropleth with separate BEN_REG 5 aggregate and unfilled DROM outlines.
S04-11,figure_s04_11_age_sex_rates_2020_2025,output/tables/figure_data/figure_s04_11_age_sex_rates_2020_2025.csv,supplementary,regional_age_sex,2020-2025,Age-sex-specific regional rates for region code 11; intervals reflect disclosure-control uncertainty.
S04-24,figure_s04_24_age_sex_rates_2020_2025,output/tables/figure_data/figure_s04_24_age_sex_rates_2020_2025.csv,supplementary,regional_age_sex,2020-2025,Age-sex-specific regional rates for region code 24; intervals reflect disclosure-control uncertainty.
S04-27,figure_s04_27_age_sex_rates_2020_2025,output/tables/figure_data/figure_s04_27_age_sex_rates_2020_2025.csv,supplementary,regional_age_sex,2020-2025,Age-sex-specific regional rates for region code 27; intervals reflect disclosure-control uncertainty.
S04-28,figure_s04_28_age_sex_rates_2020_2025,output/tables/figure_data/figure_s04_28_age_sex_rates_2020_2025.csv,supplementary,regional_age_sex,2020-2025,Age-sex-specific regional rates for region code 28; intervals reflect disclosure-control uncertainty.
S04-32,figure_s04_32_age_sex_rates_2020_2025,output/tables/figure_data/figure_s04_32_age_sex_rates_2020_2025.csv,supplementary,regional_age_sex,2020-2025,Age-sex-specific regional rates for region code 32; intervals reflect disclosure-control uncertainty.
S04-44,figure_s04_44_age_sex_rates_2020_2025,output/tables/figure_data/figure_s04_44_age_sex_rates_2020_2025.csv,supplementary,regional_age_sex,2020-2025,Age-sex-specific regional rates for region code 44; intervals reflect disclosure-control uncertainty.
S04-5,figure_s04_5_age_sex_rates_2020_2025,output/tables/figure_data/figure_s04_5_age_sex_rates_2020_2025.csv,supplementary,regional_age_sex,2020-2025,Age-sex-specific regional rates for region code 5; intervals reflect disclosure-control uncertainty.
S04-52,figure_s04_52_age_sex_rates_2020_2025,output/tables/figure_data/figure_s04_52_age_sex_rates_2020_2025.csv,supplementary,regional_age_sex,2020-2025,Age-sex-specific regional rates for region code 52; intervals reflect disclosure-control uncertainty.
S04-53,figure_s04_53_age_sex_rates_2020_2025,output/tables/figure_data/figure_s04_53_age_sex_rates_2020_2025.csv,supplementary,regional_age_sex,2020-2025,Age-sex-specific regional rates for region code 53; intervals reflect disclosure-control uncertainty.
S04-75,figure_s04_75_age_sex_rates_2020_2025,output/tables/figure_data/figure_s04_75_age_sex_rates_2020_2025.csv,supplementary,regional_age_sex,2020-2025,Age-sex-specific regional rates for region code 75; intervals reflect disclosure-control uncertainty.
S04-76,figure_s04_76_age_sex_rates_2020_2025,output/tables/figure_data/figure_s04_76_age_sex_rates_2020_2025.csv,supplementary,regional_age_sex,2020-2025,Age-sex-specific regional rates for region code 76; intervals reflect disclosure-control uncertainty.
S04-84,figure_s04_84_age_sex_rates_2020_2025,output/tables/figure_data/figure_s04_84_age_sex_rates_2020_2025.csv,supplementary,regional_age_sex,2020-2025,Age-sex-specific regional rates for region code 84; intervals reflect disclosure-control uncertainty.
S04-93,figure_s04_93_age_sex_rates_2020_2025,output/tables/figure_data/figure_s04_93_age_sex_rates_2020_2025.csv,supplementary,regional_age_sex,2020-2025,Age-sex-specific regional rates for region code 93; intervals reflect disclosure-control uncertainty.
S05,figure_s05_regional_standardised_rate_maps_2022_2025,output/tables/figure_data/figure_s05_regional_standardised_rate_maps_2022_2025.csv,supplementary,regional_geospatial,2022-2025,Common-scale maps restricted to years with complete standardised point estimates.
