study_year,demographic_scope,age_code,age_group,sex_code,sex,beneficiaries,boxes,open_medic_source_file,population_average,population_start_status,population_end_status,beneficiary_rate_per_100000,beneficiary_rate_index_2020,beneficiary_rate_percentage_change,beneficiary_measure_status,amendment_id,analysis_version,denominator_source_file
2020,age,0,0-19 years,ALL,All sexes,429,1776,data/raw/open_medic/2020/atc4/NB_2020_atc4_age_sexe.CSV.gz,16166300.5,not_specified,definitive,2.653668351642975,100,,direct_atc4_age_sex,001,sap-v1.0-amendment-001,data/interim/insee/full/insee_annual_denominators.parquet
2021,age,0,0-19 years,ALL,All sexes,665,3150,data/raw/open_medic/2021/atc4/NB_2021_atc4_age_sexe.CSV.gz,16084424.5,definitive,definitive,4.134434527017115,155.80072485159454,55.80072485159453,direct_atc4_age_sex,001,sap-v1.0-amendment-001,data/interim/insee/full/insee_annual_denominators.parquet
2022,age,0,0-19 years,ALL,All sexes,1025,4541,data/raw/open_medic/2022/atc4/NB_2022_atc4_age_sexe.CSV.gz,15997889,definitive,definitive,6.4070953361409115,241.44295696084495,54.96908450896334,direct_atc4_age_sex,001,sap-v1.0-amendment-001,data/interim/insee/full/insee_annual_denominators.parquet
2023,age,0,0-19 years,ALL,All sexes,1296,6226,data/raw/open_medic/2023/atc4/NB_2023_atc4_age_sexe.CSV.gz,15885450.5,definitive,provisional,8.158408853434784,307.438902392744,27.333970003772645,direct_atc4_age_sex,001,sap-v1.0-amendment-001,data/interim/insee/full/insee_annual_denominators.parquet
2024,age,0,0-19 years,ALL,All sexes,1346,6396,data/raw/open_medic/2024/atc4/NB_2024_atc4_age_sexe.CSV.gz,15752742.5,provisional,provisional,8.544543910369892,321.98989391721386,4.732970164550432,direct_atc4_age_sex,001,sap-v1.0-amendment-001,data/interim/insee/full/insee_annual_denominators.parquet
2025,age,0,0-19 years,ALL,All sexes,1698,8178,data/raw/open_medic/2025/atc4/NB_2025_atc4_age_sexe.CSV.gz,15604168.5,provisional,early,10.881707666768659,410.0628347182657,27.352703443449112,direct_atc4_age_sex,001,sap-v1.0-amendment-001,data/interim/insee/full/insee_annual_denominators.parquet
2020,age,20,20-59 years,ALL,All sexes,152577,1486795,data/raw/open_medic/2020/atc4/NB_2020_atc4_age_sexe.CSV.gz,33412535,not_specified,definitive,456.64598630424183,100,,direct_atc4_age_sex,001,sap-v1.0-amendment-001,data/interim/insee/full/insee_annual_denominators.parquet
2021,age,20,20-59 years,ALL,All sexes,185297,1740089,data/raw/open_medic/2021/atc4/NB_2021_atc4_age_sexe.CSV.gz,33542817,definitive,definitive,552.4193152888739,120.9732116030957,20.97321160309571,direct_atc4_age_sex,001,sap-v1.0-amendment-001,data/interim/insee/full/insee_annual_denominators.parquet
2022,age,20,20-59 years,ALL,All sexes,224284,2081831,data/raw/open_medic/2022/atc4/NB_2022_atc4_age_sexe.CSV.gz,33686298,definitive,definitive,665.8018640101088,145.80263135533534,20.524725617521966,direct_atc4_age_sex,001,sap-v1.0-amendment-001,data/interim/insee/full/insee_annual_denominators.parquet
2023,age,20,20-59 years,ALL,All sexes,268754,2478221,data/raw/open_medic/2023/atc4/NB_2023_atc4_age_sexe.CSV.gz,33763583.5,definitive,provisional,795.9877837019285,174.31178803170278,19.55325251084654,direct_atc4_age_sex,001,sap-v1.0-amendment-001,data/interim/insee/full/insee_annual_denominators.parquet
2024,age,20,20-59 years,ALL,All sexes,274758,2447210,data/raw/open_medic/2024/atc4/NB_2024_atc4_age_sexe.CSV.gz,33793450.5,provisional,provisional,813.0510378039081,178.0484362479889,2.1436577861312145,direct_atc4_age_sex,001,sap-v1.0-amendment-001,data/interim/insee/full/insee_annual_denominators.parquet
2025,age,20,20-59 years,ALL,All sexes,332928,2917490,data/raw/open_medic/2025/atc4/NB_2025_atc4_age_sexe.CSV.gz,33838128.5,provisional,early,983.8842003333606,215.45885211785145,21.011370084574455,direct_atc4_age_sex,001,sap-v1.0-amendment-001,data/interim/insee/full/insee_annual_denominators.parquet
2020,age,60,60 years or older,ALL,All sexes,258375,2790439,data/raw/open_medic/2020/atc4/NB_2020_atc4_age_sexe.CSV.gz,17990635,not_specified,definitive,1436.1638708138985,100,,direct_atc4_age_sex,001,sap-v1.0-amendment-001,data/interim/insee/full/insee_annual_denominators.parquet
2021,age,60,60 years or older,ALL,All sexes,322827,3364926,data/raw/open_medic/2021/atc4/NB_2021_atc4_age_sexe.CSV.gz,18251407.5,definitive,definitive,1768.7786544681553,123.15994646667711,23.159946466677116,direct_atc4_age_sex,001,sap-v1.0-amendment-001,data/interim/insee/full/insee_annual_denominators.parquet
2022,age,60,60 years or older,ALL,All sexes,398931,4153502,data/raw/open_medic/2022/atc4/NB_2022_atc4_age_sexe.CSV.gz,18548338,definitive,definitive,2150.7641277617436,149.75757094786607,21.5960019829867,direct_atc4_age_sex,001,sap-v1.0-amendment-001,data/interim/insee/full/insee_annual_denominators.parquet
2023,age,60,60 years or older,ALL,All sexes,480432,4989392,data/raw/open_medic/2023/atc4/NB_2023_atc4_age_sexe.CSV.gz,18872576,definitive,provisional,2545.662023032786,177.2542865592431,18.360818379559095,direct_atc4_age_sex,001,sap-v1.0-amendment-001,data/interim/insee/full/insee_annual_denominators.parquet
2024,age,60,60 years or older,ALL,All sexes,501652,5028247,data/raw/open_medic/2024/atc4/NB_2024_atc4_age_sexe.CSV.gz,19198993.5,provisional,provisional,2612.907806859771,181.9366062578215,2.641583337401232,direct_atc4_age_sex,001,sap-v1.0-amendment-001,data/interim/insee/full/insee_annual_denominators.parquet
2025,age,60,60 years or older,ALL,All sexes,590260,5899078,data/raw/open_medic/2025/atc4/NB_2025_atc4_age_sexe.CSV.gz,19524699,provisional,early,3023.145196758219,210.50140991535673,15.700415790462841,direct_atc4_age_sex,001,sap-v1.0-amendment-001,data/interim/insee/full/insee_annual_denominators.parquet
2020,age_sex,0,0-19 years,1,Male,173,709,data/raw/open_medic/2020/atc4/NB_2020_atc4_age_sexe.CSV.gz,8280468.5,not_specified,definitive,2.089253766257308,100,,direct_atc4_age_sex,001,sap-v1.0-amendment-001,data/interim/insee/full/insee_annual_denominators.parquet
2021,age_sex,0,0-19 years,1,Male,271,1236,data/raw/open_medic/2021/atc4/NB_2021_atc4_age_sexe.CSV.gz,8241575.5,definitive,definitive,3.2882062416342603,157.3866370251785,57.38663702517848,direct_atc4_age_sex,001,sap-v1.0-amendment-001,data/interim/insee/full/insee_annual_denominators.parquet
2022,age_sex,0,0-19 years,1,Male,431,1884,data/raw/open_medic/2022/atc4/NB_2022_atc4_age_sexe.CSV.gz,8201473,definitive,definitive,5.255153555952693,251.53256348398415,59.818246477777095,direct_atc4_age_sex,001,sap-v1.0-amendment-001,data/interim/insee/full/insee_annual_denominators.parquet
2023,age_sex,0,0-19 years,1,Male,541,2425,data/raw/open_medic/2023/atc4/NB_2023_atc4_age_sexe.CSV.gz,8146963.5,definitive,provisional,6.640510909371326,317.84127982055264,26.361881506761886,direct_atc4_age_sex,001,sap-v1.0-amendment-001,data/interim/insee/full/insee_annual_denominators.parquet
2024,age_sex,0,0-19 years,1,Male,543,2463,data/raw/open_medic/2024/atc4/NB_2024_atc4_age_sexe.CSV.gz,8081236.5,provisional,provisional,6.719268765367775,321.6109442465997,1.1860210316845254,direct_atc4_age_sex,001,sap-v1.0-amendment-001,data/interim/insee/full/insee_annual_denominators.parquet
2025,age_sex,0,0-19 years,1,Male,674,3019,data/raw/open_medic/2025/atc4/NB_2025_atc4_age_sexe.CSV.gz,8007375,provisional,early,8.417240356546309,402.88262213474263,25.270184159475217,direct_atc4_age_sex,001,sap-v1.0-amendment-001,data/interim/insee/full/insee_annual_denominators.parquet
2020,age_sex,0,0-19 years,2,Female,256,1067,data/raw/open_medic/2020/atc4/NB_2020_atc4_age_sexe.CSV.gz,7885832,not_specified,definitive,3.246328351910109,100,,direct_atc4_age_sex,001,sap-v1.0-amendment-001,data/interim/insee/full/insee_annual_denominators.parquet
2021,age_sex,0,0-19 years,2,Female,394,1914,data/raw/open_medic/2021/atc4/NB_2021_atc4_age_sexe.CSV.gz,7842849,definitive,definitive,5.0236846329694735,154.74973842413644,54.74973842413644,direct_atc4_age_sex,001,sap-v1.0-amendment-001,data/interim/insee/full/insee_annual_denominators.parquet
2022,age_sex,0,0-19 years,2,Female,594,2657,data/raw/open_medic/2022/atc4/NB_2022_atc4_age_sexe.CSV.gz,7796416,definitive,definitive,7.618885395545851,234.69238381456302,51.65930889738928,direct_atc4_age_sex,001,sap-v1.0-amendment-001,data/interim/insee/full/insee_annual_denominators.parquet
2023,age_sex,0,0-19 years,2,Female,755,3801,data/raw/open_medic/2023/atc4/NB_2023_atc4_age_sexe.CSV.gz,7738487,definitive,provisional,9.75642913143099,300.53734785301054,28.05585889419977,direct_atc4_age_sex,001,sap-v1.0-amendment-001,data/interim/insee/full/insee_annual_denominators.parquet
2024,age_sex,0,0-19 years,2,Female,803,3933,data/raw/open_medic/2024/atc4/NB_2024_atc4_age_sexe.CSV.gz,7671506,provisional,provisional,10.467305897955368,322.43521798392646,7.286239226954883,direct_atc4_age_sex,001,sap-v1.0-amendment-001,data/interim/insee/full/insee_annual_denominators.parquet
2025,age_sex,0,0-19 years,2,Female,1024,5159,data/raw/open_medic/2025/atc4/NB_2025_atc4_age_sexe.CSV.gz,7596793.5,provisional,early,13.479371263678551,415.21897363670604,28.775937142637108,direct_atc4_age_sex,001,sap-v1.0-amendment-001,data/interim/insee/full/insee_annual_denominators.parquet
2020,age_sex,20,20-59 years,1,Male,80570,783712,data/raw/open_medic/2020/atc4/NB_2020_atc4_age_sexe.CSV.gz,16463600.5,not_specified,definitive,489.3826231995851,100,,direct_atc4_age_sex,001,sap-v1.0-amendment-001,data/interim/insee/full/insee_annual_denominators.parquet
2021,age_sex,20,20-59 years,1,Male,97919,919736,data/raw/open_medic/2021/atc4/NB_2021_atc4_age_sexe.CSV.gz,16542314.5,definitive,definitive,591.9304701890416,120.95453375908573,20.954533759085734,direct_atc4_age_sex,001,sap-v1.0-amendment-001,data/interim/insee/full/insee_annual_denominators.parquet
2022,age_sex,20,20-59 years,1,Male,117322,1097709,data/raw/open_medic/2022/atc4/NB_2022_atc4_age_sexe.CSV.gz,16626588.5,definitive,definitive,705.6288185637119,144.1875508268578,19.208058057622736,direct_atc4_age_sex,001,sap-v1.0-amendment-001,data/interim/insee/full/insee_annual_denominators.parquet
2023,age_sex,20,20-59 years,1,Male,138596,1295457,data/raw/open_medic/2023/atc4/NB_2023_atc4_age_sexe.CSV.gz,16678127.5,definitive,provisional,831.0045597145123,169.8067157107872,17.767945108307703,direct_atc4_age_sex,001,sap-v1.0-amendment-001,data/interim/insee/full/insee_annual_denominators.parquet
2024,age_sex,20,20-59 years,1,Male,139387,1267034,data/raw/open_medic/2024/atc4/NB_2024_atc4_age_sexe.CSV.gz,16706186.5,provisional,provisional,834.3436127688387,170.48901477414495,0.4018092338113677,direct_atc4_age_sex,001,sap-v1.0-amendment-001,data/interim/insee/full/insee_annual_denominators.parquet
2025,age_sex,20,20-59 years,1,Male,166251,1485786,data/raw/open_medic/2025/atc4/NB_2025_atc4_age_sexe.CSV.gz,16739998.5,provisional,early,993.1362897075528,202.93656591532095,19.032048008583335,direct_atc4_age_sex,001,sap-v1.0-amendment-001,data/interim/insee/full/insee_annual_denominators.parquet
2020,age_sex,20,20-59 years,2,Female,72007,703083,data/raw/open_medic/2020/atc4/NB_2020_atc4_age_sexe.CSV.gz,16948934.5,not_specified,definitive,424.8467654412141,100,,direct_atc4_age_sex,001,sap-v1.0-amendment-001,data/interim/insee/full/insee_annual_denominators.parquet
2021,age_sex,20,20-59 years,2,Female,87378,820353,data/raw/open_medic/2021/atc4/NB_2021_atc4_age_sexe.CSV.gz,17000502.5,definitive,definitive,513.9730428556451,120.9784526244118,20.9784526244118,direct_atc4_age_sex,001,sap-v1.0-amendment-001,data/interim/insee/full/insee_annual_denominators.parquet
2022,age_sex,20,20-59 years,2,Female,106962,984122,data/raw/open_medic/2022/atc4/NB_2022_atc4_age_sexe.CSV.gz,17059709.5,definitive,definitive,626.9860574120561,147.57934116808335,21.988120997262484,direct_atc4_age_sex,001,sap-v1.0-amendment-001,data/interim/insee/full/insee_annual_denominators.parquet
2023,age_sex,20,20-59 years,2,Female,130158,1182764,data/raw/open_medic/2023/atc4/NB_2023_atc4_age_sexe.CSV.gz,17085456,definitive,provisional,761.8058306433261,179.31308241270744,21.502834335384,direct_atc4_age_sex,001,sap-v1.0-amendment-001,data/interim/insee/full/insee_annual_denominators.parquet
2024,age_sex,20,20-59 years,2,Female,135371,1180176,data/raw/open_medic/2024/atc4/NB_2024_atc4_age_sexe.CSV.gz,17087264,provisional,provisional,792.2333265290453,186.47507547957696,3.994127461590047,direct_atc4_age_sex,001,sap-v1.0-amendment-001,data/interim/insee/full/insee_annual_denominators.parquet
2025,age_sex,20,20-59 years,2,Female,166677,1431704,data/raw/open_medic/2025/atc4/NB_2025_atc4_age_sexe.CSV.gz,17098130,provisional,early,974.8259020138458,229.45353038088086,23.04782812972288,direct_atc4_age_sex,001,sap-v1.0-amendment-001,data/interim/insee/full/insee_annual_denominators.parquet
2020,age_sex,60,60 years or older,1,Male,140597,1513065,data/raw/open_medic/2020/atc4/NB_2020_atc4_age_sexe.CSV.gz,7954376,not_specified,definitive,1767.542796568832,100,,direct_atc4_age_sex,001,sap-v1.0-amendment-001,data/interim/insee/full/insee_annual_denominators.parquet
2021,age_sex,60,60 years or older,1,Male,176984,1841628,data/raw/open_medic/2021/atc4/NB_2021_atc4_age_sexe.CSV.gz,8083496.5,definitive,definitive,2189.448588243961,123.86962242125823,23.869622421258228,direct_atc4_age_sex,001,sap-v1.0-amendment-001,data/interim/insee/full/insee_annual_denominators.parquet
2022,age_sex,60,60 years or older,1,Male,219895,2288248,data/raw/open_medic/2022/atc4/NB_2022_atc4_age_sexe.CSV.gz,8235723,definitive,definitive,2670.01452088663,151.0579843424263,21.949176391856074,direct_atc4_age_sex,001,sap-v1.0-amendment-001,data/interim/insee/full/insee_annual_denominators.parquet
2023,age_sex,60,60 years or older,1,Male,265333,2763737,data/raw/open_medic/2023/atc4/NB_2023_atc4_age_sexe.CSV.gz,8402177,definitive,provisional,3157.9077660468233,178.6608942186282,18.27305587080399,direct_atc4_age_sex,001,sap-v1.0-amendment-001,data/interim/insee/full/insee_annual_denominators.parquet
2024,age_sex,60,60 years or older,1,Male,277278,2803595,data/raw/open_medic/2024/atc4/NB_2024_atc4_age_sexe.CSV.gz,8569748,provisional,provisional,3235.5443824019094,183.05324140851206,2.4584827077541282,direct_atc4_age_sex,001,sap-v1.0-amendment-001,data/interim/insee/full/insee_annual_denominators.parquet
2025,age_sex,60,60 years or older,1,Male,325016,3267131,data/raw/open_medic/2025/atc4/NB_2025_atc4_age_sexe.CSV.gz,8738069,provisional,early,3719.540324069311,210.43565854754473,14.958717435614544,direct_atc4_age_sex,001,sap-v1.0-amendment-001,data/interim/insee/full/insee_annual_denominators.parquet
2020,age_sex,60,60 years or older,2,Female,117778,1277374,data/raw/open_medic/2020/atc4/NB_2020_atc4_age_sexe.CSV.gz,10036259,not_specified,definitive,1173.52491600705,100,,direct_atc4_age_sex,001,sap-v1.0-amendment-001,data/interim/insee/full/insee_annual_denominators.parquet
2021,age_sex,60,60 years or older,2,Female,145843,1523298,data/raw/open_medic/2021/atc4/NB_2021_atc4_age_sexe.CSV.gz,10167911,definitive,definitive,1434.3457569603038,122.22541996302078,22.225419963020787,direct_atc4_age_sex,001,sap-v1.0-amendment-001,data/interim/insee/full/insee_annual_denominators.parquet
2022,age_sex,60,60 years or older,2,Female,179036,1865254,data/raw/open_medic/2022/atc4/NB_2022_atc4_age_sexe.CSV.gz,10312615,definitive,definitive,1736.0873066627619,147.9378309725068,21.036876794749638,direct_atc4_age_sex,001,sap-v1.0-amendment-001,data/interim/insee/full/insee_annual_denominators.parquet
2023,age_sex,60,60 years or older,2,Female,215099,2225655,data/raw/open_medic/2023/atc4/NB_2023_atc4_age_sexe.CSV.gz,10470399,definitive,provisional,2054.3534205334486,175.05835560129742,18.33237952084805,direct_atc4_age_sex,001,sap-v1.0-amendment-001,data/interim/insee/full/insee_annual_denominators.parquet
2024,age_sex,60,60 years or older,2,Female,224374,2224652,data/raw/open_medic/2024/atc4/NB_2024_atc4_age_sexe.CSV.gz,10629245.5,provisional,provisional,2110.911823421521,179.8778870928412,2.753099944866655,direct_atc4_age_sex,001,sap-v1.0-amendment-001,data/interim/insee/full/insee_annual_denominators.parquet
2025,age_sex,60,60 years or older,2,Female,265244,2631947,data/raw/open_medic/2025/atc4/NB_2025_atc4_age_sexe.CSV.gz,10786630,provisional,early,2459.007122706536,209.54025680795715,16.490281376168348,direct_atc4_age_sex,001,sap-v1.0-amendment-001,data/interim/insee/full/insee_annual_denominators.parquet
2020,sex,ALL,All ages,1,Male,221340,2297486,data/raw/open_medic/2020/atc4/NB_2020_atc4_age_sexe.CSV.gz,32698445,not_specified,definitive,676.9129235350489,100,,direct_atc4_age_sex,001,sap-v1.0-amendment-001,data/interim/insee/full/insee_annual_denominators.parquet
2021,sex,ALL,All ages,1,Male,275174,2762600,data/raw/open_medic/2021/atc4/NB_2021_atc4_age_sexe.CSV.gz,32867386.5,definitive,definitive,837.225071120273,123.68283157426283,23.68283157426283,direct_atc4_age_sex,001,sap-v1.0-amendment-001,data/interim/insee/full/insee_annual_denominators.parquet
2022,sex,ALL,All ages,1,Male,337648,3387841,data/raw/open_medic/2022/atc4/NB_2022_atc4_age_sexe.CSV.gz,33063784.5,definitive,definitive,1021.2019135317071,150.86163641235783,21.974597842042478,direct_atc4_age_sex,001,sap-v1.0-amendment-001,data/interim/insee/full/insee_annual_denominators.parquet
2023,sex,ALL,All ages,1,Male,404470,4061619,data/raw/open_medic/2023/atc4/NB_2023_atc4_age_sexe.CSV.gz,33227268,definitive,provisional,1217.283346918561,179.828646284596,19.201044454443796,direct_atc4_age_sex,001,sap-v1.0-amendment-001,data/interim/insee/full/insee_annual_denominators.parquet
2024,sex,ALL,All ages,1,Male,417208,4073092,data/raw/open_medic/2024/atc4/NB_2024_atc4_age_sexe.CSV.gz,33357171,provisional,provisional,1250.729565765634,184.76963908946175,2.747611633046576,direct_atc4_age_sex,001,sap-v1.0-amendment-001,data/interim/insee/full/insee_annual_denominators.parquet
2025,sex,ALL,All ages,1,Male,491941,4755936,data/raw/open_medic/2025/atc4/NB_2025_atc4_age_sexe.CSV.gz,33485442.5,provisional,early,1469.1190059680412,217.0321993995693,17.460964078891017,direct_atc4_age_sex,001,sap-v1.0-amendment-001,data/interim/insee/full/insee_annual_denominators.parquet
2020,sex,ALL,All ages,2,Female,190041,1981524,data/raw/open_medic/2020/atc4/NB_2020_atc4_age_sexe.CSV.gz,34871025.5,not_specified,definitive,544.9825385835011,100,,direct_atc4_age_sex,001,sap-v1.0-amendment-001,data/interim/insee/full/insee_annual_denominators.parquet
2021,sex,ALL,All ages,2,Female,233615,2345565,data/raw/open_medic/2021/atc4/NB_2021_atc4_age_sexe.CSV.gz,35011262.5,definitive,definitive,667.2567148928148,122.43634752539492,22.43634752539492,direct_atc4_age_sex,001,sap-v1.0-amendment-001,data/interim/insee/full/insee_annual_denominators.parquet
2022,sex,ALL,All ages,2,Female,286592,2852033,data/raw/open_medic/2022/atc4/NB_2022_atc4_age_sexe.CSV.gz,35168740.5,definitive,definitive,814.905498250641,149.52873542860914,22.12773285939038,direct_atc4_age_sex,001,sap-v1.0-amendment-001,data/interim/insee/full/insee_annual_denominators.parquet
2023,sex,ALL,All ages,2,Female,346012,3412220,data/raw/open_medic/2023/atc4/NB_2023_atc4_age_sexe.CSV.gz,35294342,definitive,provisional,980.3611015045981,179.88853442033525,20.30365528385081,direct_atc4_age_sex,001,sap-v1.0-amendment-001,data/interim/insee/full/insee_annual_denominators.parquet
2024,sex,ALL,All ages,2,Female,360548,3408761,data/raw/open_medic/2024/atc4/NB_2024_atc4_age_sexe.CSV.gz,35388015.5,provisional,provisional,1018.8420992411965,186.94949417816835,3.9251861051545323,direct_atc4_age_sex,001,sap-v1.0-amendment-001,data/interim/insee/full/insee_annual_denominators.parquet
2025,sex,ALL,All ages,2,Female,432945,4068810,data/raw/open_medic/2025/atc4/NB_2025_atc4_age_sexe.CSV.gz,35481553.5,provisional,early,1220.1974189207922,223.8966081541411,19.763152683773,direct_atc4_age_sex,001,sap-v1.0-amendment-001,data/interim/insee/full/insee_annual_denominators.parquet
