study_year,region_code,region_name,observed_cells,structural_zero_cells,ambiguous_cells,standardised_rate_per_100000,standardised_rate_lower_per_100000,standardised_rate_upper_per_100000,standardisation_status,crude_rate_per_100000,standard_population_year,standard_population_scope,historical_window_amendment_id,amendment_id,analysis_version
2020,11,Île-de-France,6,0,0,590.4388872784205,590.4388872784205,590.4388872784205,point_complete_observed,505.24881519526986,2025,France_entire,001,002,sap-v1.0-amendments-001-002
2020,24,Centre-Val de Loire,4,2,0,607.605314440961,607.605314440961,607.605314440961,point_with_structural_zero,614.8597384000437,2025,France_entire,001,002,sap-v1.0-amendments-001-002
2020,27,Bourgogne-Franche-Comté,4,2,0,735.3307641077179,735.3307641077179,735.3307641077179,point_with_structural_zero,758.9582728254701,2025,France_entire,001,002,sap-v1.0-amendments-001-002
2020,28,Normandie,4,2,0,646.6067244544131,646.6067244544131,646.6067244544131,point_with_structural_zero,643.4219164444274,2025,France_entire,001,002,sap-v1.0-amendments-001-002
2020,32,Hauts-de-France,4,2,0,895.2314361507341,895.2314361507341,895.2314361507341,point_with_structural_zero,822.5780549462663,2025,France_entire,001,002,sap-v1.0-amendments-001-002
2020,44,Grand Est,4,2,0,723.0993313156991,723.0993313156991,723.0993313156991,point_with_structural_zero,711.1869915132573,2025,France_entire,001,002,sap-v1.0-amendments-001-002
2020,5,Overseas regions and departments,4,2,0,1170.8359365567894,1170.8359365567894,1170.8359365567894,point_with_structural_zero,947.2173000159925,2025,France_entire,001,002,sap-v1.0-amendments-001-002
2020,52,Pays de la Loire,4,2,0,512.6777247744496,512.6777247744496,512.6777247744496,point_with_structural_zero,497.4682281135642,2025,France_entire,001,002,sap-v1.0-amendments-001-002
2020,53,Bretagne,4,2,0,364.34360358760773,364.34360358760773,364.34360358760773,point_with_structural_zero,368.6837749885423,2025,France_entire,001,002,sap-v1.0-amendments-001-002
2020,75,Nouvelle-Aquitaine,4,1,1,,578.8795036387327,579.0884663887459,interval_due_to_unknown_age,608.8915886108455,2025,France_entire,001,002,sap-v1.0-amendments-001-002
2020,76,Occitanie,4,0,2,,568.7466310881712,571.2574969798465,interval_due_to_unknown_age,583.6708375899091,2025,France_entire,001,002,sap-v1.0-amendments-001-002
2020,84,Auvergne-Rhône-Alpes,4,2,0,572.0438826761344,572.0438826761344,572.0438826761344,point_with_structural_zero,546.1738343568303,2025,France_entire,001,002,sap-v1.0-amendments-001-002
2020,93,Provence-Alpes-Côte d'Azur and Corse,5,0,1,,628.313361330378,628.7272896509787,interval_due_to_unknown_age,647.4745287605457,2025,France_entire,001,002,sap-v1.0-amendments-001-002
2021,11,Île-de-France,6,0,0,732.9620159214646,732.9620159214646,732.9620159214646,point_complete_observed,631.4457267263911,2025,France_entire,001,002,sap-v1.0-amendments-001-002
2021,24,Centre-Val de Loire,4,2,0,774.2511499479077,774.2511499479077,774.2511499479077,point_with_structural_zero,787.6777435061787,2025,France_entire,001,002,sap-v1.0-amendments-001-002
2021,27,Bourgogne-Franche-Comté,4,2,0,884.7795427959918,884.7795427959918,884.7795427959918,point_with_structural_zero,918.7085833034002,2025,France_entire,001,002,sap-v1.0-amendments-001-002
2021,28,Normandie,4,2,0,784.5346584943079,784.5346584943079,784.5346584943079,point_with_structural_zero,787.0959226283327,2025,France_entire,001,002,sap-v1.0-amendments-001-002
2021,32,Hauts-de-France,5,1,0,1084.364620112765,1084.364620112765,1084.364620112765,point_with_structural_zero,1003.1008300006135,2025,France_entire,001,002,sap-v1.0-amendments-001-002
2021,44,Grand Est,5,1,0,900.3893838320336,900.3893838320336,900.3893838320336,point_with_structural_zero,891.0955722525453,2025,France_entire,001,002,sap-v1.0-amendments-001-002
2021,5,Overseas regions and departments,5,1,0,1433.3437564703386,1433.3437564703386,1433.3437564703386,point_with_structural_zero,1172.174141989137,2025,France_entire,001,002,sap-v1.0-amendments-001-002
2021,52,Pays de la Loire,6,0,0,634.9876717954248,634.9876717954248,634.9876717954248,point_complete_observed,619.8974165337444,2025,France_entire,001,002,sap-v1.0-amendments-001-002
2021,53,Bretagne,4,2,0,454.32702847825647,454.32702847825647,454.32702847825647,point_with_structural_zero,463.0496147218328,2025,France_entire,001,002,sap-v1.0-amendments-001-002
2021,75,Nouvelle-Aquitaine,4,0,2,,704.4006402171925,705.0130423563941,interval_due_to_unknown_age,746.3840634813067,2025,France_entire,001,002,sap-v1.0-amendments-001-002
2021,76,Occitanie,6,0,0,695.2367676292504,695.2367676292504,695.2367676292504,point_complete_observed,716.736896350604,2025,France_entire,001,002,sap-v1.0-amendments-001-002
2021,84,Auvergne-Rhône-Alpes,6,0,0,687.4134103654555,687.4134103654555,687.4134103654555,point_complete_observed,659.2356854194048,2025,France_entire,001,002,sap-v1.0-amendments-001-002
2021,93,Provence-Alpes-Côte d'Azur and Corse,6,0,0,761.7120758372173,761.7120758372173,761.7120758372173,point_complete_observed,789.5408076275176,2025,France_entire,001,002,sap-v1.0-amendments-001-002
2022,11,Île-de-France,6,0,0,901.3937104377884,901.3937104377884,901.3937104377884,point_complete_observed,784.0837100871432,2025,France_entire,001,002,sap-v1.0-amendments-001-002
2022,24,Centre-Val de Loire,4,2,0,969.6873647854447,969.6873647854447,969.6873647854447,point_with_structural_zero,991.8299401698092,2025,France_entire,001,002,sap-v1.0-amendments-001-002
2022,27,Bourgogne-Franche-Comté,5,1,0,1066.9454226441665,1066.9454226441665,1066.9454226441665,point_with_structural_zero,1115.1406535849321,2025,France_entire,001,002,sap-v1.0-amendments-001-002
2022,28,Normandie,5,1,0,935.0288569474138,935.0288569474138,935.0288569474138,point_with_structural_zero,945.5017834180713,2025,France_entire,001,002,sap-v1.0-amendments-001-002
2022,32,Hauts-de-France,6,0,0,1302.8288262205663,1302.8288262205663,1302.8288262205663,point_complete_observed,1213.7491858551878,2025,France_entire,001,002,sap-v1.0-amendments-001-002
2022,44,Grand Est,6,0,0,1103.6044057191773,1103.6044057191773,1103.6044057191773,point_complete_observed,1100.1435974445715,2025,France_entire,001,002,sap-v1.0-amendments-001-002
2022,5,Overseas regions and departments,5,1,0,1709.419453361158,1709.419453361158,1709.419453361158,point_with_structural_zero,1416.9836828371112,2025,France_entire,001,002,sap-v1.0-amendments-001-002
2022,52,Pays de la Loire,5,1,0,776.929300441656,776.929300441656,776.929300441656,point_with_structural_zero,764.1299439584957,2025,France_entire,001,002,sap-v1.0-amendments-001-002
2022,53,Bretagne,4,2,0,562.4129795572426,562.4129795572426,562.4129795572426,point_with_structural_zero,578.1251023141738,2025,France_entire,001,002,sap-v1.0-amendments-001-002
2022,75,Nouvelle-Aquitaine,6,0,0,844.8685263901588,844.8685263901588,844.8685263901588,point_complete_observed,901.561379454306,2025,France_entire,001,002,sap-v1.0-amendments-001-002
2022,76,Occitanie,6,0,0,833.6955933725839,833.6955933725839,833.6955933725839,point_complete_observed,864.110461416044,2025,France_entire,001,002,sap-v1.0-amendments-001-002
2022,84,Auvergne-Rhône-Alpes,6,0,0,821.1060574105682,821.1060574105682,821.1060574105682,point_complete_observed,792.6232789500876,2025,France_entire,001,002,sap-v1.0-amendments-001-002
2022,93,Provence-Alpes-Côte d'Azur and Corse,6,0,0,925.40778007404106,925.40778007404106,925.40778007404106,point_complete_observed,965.2638050676485,2025,France_entire,001,002,sap-v1.0-amendments-001-002
2023,11,Île-de-France,6,0,0,1083.1537122053148,1083.1537122053148,1083.1537122053148,point_complete_observed,953.1205266159108,2025,France_entire,001,002,sap-v1.0-amendments-001-002
2023,24,Centre-Val de Loire,6,0,0,1169.7749163473725,1169.7749163473725,1169.7749163473725,point_complete_observed,1202.8513032853677,2025,France_entire,001,002,sap-v1.0-amendments-001-002
2023,27,Bourgogne-Franche-Comté,5,1,0,1266.3697391743756,1266.3697391743756,1266.3697391743756,point_with_structural_zero,1332.5361200103519,2025,France_entire,001,002,sap-v1.0-amendments-001-002
2023,28,Normandie,5,1,0,1089.4808189773555,1089.4808189773555,1089.4808189773555,point_with_structural_zero,1110.8618298196122,2025,France_entire,001,002,sap-v1.0-amendments-001-002
2023,32,Hauts-de-France,6,0,0,1531.8827287057215,1531.8827287057215,1531.8827287057215,point_complete_observed,1440.1929720640405,2025,France_entire,001,002,sap-v1.0-amendments-001-002
2023,44,Grand Est,6,0,0,1318.0041295570072,1318.0041295570072,1318.0041295570072,point_complete_observed,1324.9364818379195,2025,France_entire,001,002,sap-v1.0-amendments-001-002
2023,5,Overseas regions and departments,6,0,0,2037.6333720724106,2037.6333720724106,2037.6333720724106,point_complete_observed,1713.7315082820573,2025,France_entire,001,002,sap-v1.0-amendments-001-002
2023,52,Pays de la Loire,6,0,0,909.73612693245,909.73612693245,909.73612693245,point_complete_observed,902.090329788243,2025,France_entire,001,002,sap-v1.0-amendments-001-002
2023,53,Bretagne,4,2,0,670.189105477155,670.189105477155,670.189105477155,point_with_structural_zero,695.4102719710897,2025,France_entire,001,002,sap-v1.0-amendments-001-002
2023,75,Nouvelle-Aquitaine,6,0,0,993.0427061772469,993.0427061772469,993.0427061772469,point_complete_observed,1067.453887081896,2025,France_entire,001,002,sap-v1.0-amendments-001-002
2023,76,Occitanie,6,0,0,986.5396798554398,986.5396798554398,986.5396798554398,point_complete_observed,1029.752845322599,2025,France_entire,001,002,sap-v1.0-amendments-001-002
2023,84,Auvergne-Rhône-Alpes,6,0,0,967.3420505593858,967.3420505593858,967.3420505593858,point_complete_observed,941.6870409997828,2025,France_entire,001,002,sap-v1.0-amendments-001-002
2023,93,Provence-Alpes-Côte d'Azur and Corse,6,0,0,1104.5892331506384,1104.5892331506384,1104.5892331506384,point_complete_observed,1159.7010846316273,2025,France_entire,001,002,sap-v1.0-amendments-001-002
2024,11,Île-de-France,6,0,0,1140.7597279990764,1140.7597279990764,1140.7597279990764,point_complete_observed,1012.9773000016363,2025,France_entire,001,002,sap-v1.0-amendments-001-002
2024,24,Centre-Val de Loire,6,0,0,1172.587063825335,1172.587063825335,1172.587063825335,point_complete_observed,1213.798550010123,2025,France_entire,001,002,sap-v1.0-amendments-001-002
2024,27,Bourgogne-Franche-Comté,5,1,0,1253.574530555811,1253.574530555811,1253.574530555811,point_with_structural_zero,1329.6985666398311,2025,France_entire,001,002,sap-v1.0-amendments-001-002
2024,28,Normandie,4,2,0,1094.0078644622342,1094.0078644622342,1094.0078644622342,point_with_structural_zero,1125.1440684113386,2025,France_entire,001,002,sap-v1.0-amendments-001-002
2024,32,Hauts-de-France,6,0,0,1526.9011680338194,1526.9011680338194,1526.9011680338194,point_complete_observed,1448.551953971334,2025,France_entire,001,002,sap-v1.0-amendments-001-002
2024,44,Grand Est,6,0,0,1326.5622586899917,1326.5622586899917,1326.5622586899917,point_complete_observed,1345.5997562752461,2025,France_entire,001,002,sap-v1.0-amendments-001-002
2024,5,Overseas regions and departments,6,0,0,2232.13588136921,2232.13588136921,2232.13588136921,point_complete_observed,1903.1437728584115,2025,France_entire,001,002,sap-v1.0-amendments-001-002
2024,52,Pays de la Loire,6,0,0,922.3712488035749,922.3712488035749,922.3712488035749,point_complete_observed,922.0513120170524,2025,France_entire,001,002,sap-v1.0-amendments-001-002
2024,53,Bretagne,4,2,0,704.1683573431568,704.1683573431568,704.1683573431568,point_with_structural_zero,737.150061007653,2025,France_entire,001,002,sap-v1.0-amendments-001-002
2024,75,Nouvelle-Aquitaine,6,0,0,1019.8139693504339,1019.8139693504339,1019.8139693504339,point_complete_observed,1104.8418410673876,2025,France_entire,001,002,sap-v1.0-amendments-001-002
2024,76,Occitanie,6,0,0,1007.3411034066978,1007.3411034066978,1007.3411034066978,point_complete_observed,1059.68228122764,2025,France_entire,001,002,sap-v1.0-amendments-001-002
2024,84,Auvergne-Rhône-Alpes,6,0,0,965.756545306002,965.756545306002,965.756545306002,point_complete_observed,948.1947488260994,2025,France_entire,001,002,sap-v1.0-amendments-001-002
2024,93,Provence-Alpes-Côte d'Azur and Corse,6,0,0,1163.353345354302,1163.353345354302,1163.353345354302,point_complete_observed,1231.2395185428918,2025,France_entire,001,002,sap-v1.0-amendments-001-002
2025,11,Île-de-France,6,0,0,1323.1813907544588,1323.1813907544588,1323.1813907544588,point_complete_observed,1188.3013658640962,2025,France_entire,001,002,sap-v1.0-amendments-001-002
2025,24,Centre-Val de Loire,6,0,0,1395.3654435173,1395.3654435173,1395.3654435173,point_complete_observed,1451.4469274519893,2025,France_entire,001,002,sap-v1.0-amendments-001-002
2025,27,Bourgogne-Franche-Comté,5,1,0,1464.2744017024504,1464.2744017024504,1464.2744017024504,point_with_structural_zero,1561.1023657819526,2025,France_entire,001,002,sap-v1.0-amendments-001-002
2025,28,Normandie,5,1,0,1296.9113895831088,1296.9113895831088,1296.9113895831088,point_with_structural_zero,1342.310507780503,2025,France_entire,001,002,sap-v1.0-amendments-001-002
2025,32,Hauts-de-France,6,0,0,1747.1649451613903,1747.1649451613903,1747.1649451613903,point_complete_observed,1675.3137779558501,2025,France_entire,001,002,sap-v1.0-amendments-001-002
2025,44,Grand Est,6,0,0,1568.1796923756413,1568.1796923756413,1568.1796923756413,point_complete_observed,1604.156898247823,2025,France_entire,001,002,sap-v1.0-amendments-001-002
2025,5,Overseas regions and departments,6,0,0,2435.865767444098,2435.865767444098,2435.865767444098,point_complete_observed,2106.386709332398,2025,France_entire,001,002,sap-v1.0-amendments-001-002
2025,52,Pays de la Loire,6,0,0,1093.1302387671137,1093.1302387671137,1093.1302387671137,point_complete_observed,1101.1322171495533,2025,France_entire,001,002,sap-v1.0-amendments-001-002
2025,53,Bretagne,4,2,0,868.1991852659177,868.1991852659177,868.1991852659177,point_with_structural_zero,915.033053258107,2025,France_entire,001,002,sap-v1.0-amendments-001-002
2025,75,Nouvelle-Aquitaine,6,0,0,1229.8964567024368,1229.8964567024368,1229.8964567024368,point_complete_observed,1339.2519792817948,2025,France_entire,001,002,sap-v1.0-amendments-001-002
2025,76,Occitanie,6,0,0,1209.0609808021532,1209.0609808021532,1209.0609808021532,point_complete_observed,1279.4635128527357,2025,France_entire,001,002,sap-v1.0-amendments-001-002
2025,84,Auvergne-Rhône-Alpes,6,0,0,1160.7348288101084,1160.7348288101084,1160.7348288101084,point_complete_observed,1149.9715898103204,2025,France_entire,001,002,sap-v1.0-amendments-001-002
2025,93,Provence-Alpes-Côte d'Azur and Corse,6,0,0,1379.9660513528881,1379.9660513528881,1379.9660513528881,point_complete_observed,1469.7586808460467,2025,France_entire,001,002,sap-v1.0-amendments-001-002
