study_year,region_code,region_name,beneficiaries,boxes,reimbursement_base_eur,reimbursed_expenditure_eur,open_medic_source_file,population_average,denominator_strata,beneficiary_rate_per_100000,boxes_per_100000,beneficiaries_absolute_change,beneficiaries_percentage_change,beneficiary_rate_absolute_change,beneficiary_rate_percentage_change,boxes_percentage_change,beneficiary_measure_status,additive_measure_status,historical_window_amendment_id,amendment_id,analysis_version,denominator_source_file
2020,11,Île-de-France,62118,607456,50091635.78,48798514.68,data/raw/open_medic/2020/atc4/NB_2020_atc4_reg.CSV.gz,12294536.5,6,505.24881519526986,4940.861332999418,,,,,,direct_atc4_region,direct_atc4_region,001,002,sap-v1.0-amendments-001-002,data/interim/insee/full/insee_annual_denominators.parquet
2020,24,Centre-Val de Loire,15827,161513,13317588.02,13156075.31,data/raw/open_medic/2020/atc4/NB_2020_atc4_reg.CSV.gz,2574083,6,614.8597384000437,6274.583997485707,,,,,,direct_atc4_region,direct_atc4_region,001,002,sap-v1.0-amendments-001-002,data/interim/insee/full/insee_annual_denominators.parquet
2020,27,Bourgogne-Franche-Comté,21258,227218,18870254.46,18657093.61,data/raw/open_medic/2020/atc4/NB_2020_atc4_reg.CSV.gz,2800944.5,6,758.9582728254701,8112.19215518194,,,,,,direct_atc4_region,direct_atc4_region,001,002,sap-v1.0-amendments-001-002,data/interim/insee/full/insee_annual_denominators.parquet
2020,28,Normandie,21405,221636,18140887.49,17912165.41,data/raw/open_medic/2020/atc4/NB_2020_atc4_reg.CSV.gz,3326744,6,643.4219164444274,6662.249935672839,,,,,,direct_atc4_region,direct_atc4_region,001,002,sap-v1.0-amendments-001-002,data/interim/insee/full/insee_annual_denominators.parquet
2020,32,Hauts-de-France,49326,539194,44667044.18,44056411.68,data/raw/open_medic/2020/atc4/NB_2020_atc4_reg.CSV.gz,5996513,6,822.5780549462663,8991.792396681205,,,,,,direct_atc4_region,direct_atc4_region,001,002,sap-v1.0-amendments-001-002,data/interim/insee/full/insee_annual_denominators.parquet
2020,44,Grand Est,39556,419803,34672717.46,34202615.83,data/raw/open_medic/2020/atc4/NB_2020_atc4_reg.CSV.gz,5561969,6,711.1869915132573,7547.740737138232,,,,,,direct_atc4_region,direct_atc4_region,001,002,sap-v1.0-amendments-001-002,data/interim/insee/full/insee_annual_denominators.parquet
2020,5,Overseas regions and departments,20671,199356,21334312.8,20962508.16,data/raw/open_medic/2020/atc4/NB_2020_atc4_reg.CSV.gz,2182287,6,947.2173000159925,9135.187076676899,,,,,,direct_atc4_region,direct_atc4_region,001,002,sap-v1.0-amendments-001-002,data/interim/insee/full/insee_annual_denominators.parquet
2020,52,Pays de la Loire,19118,198144,16281184.05,16086282.85,data/raw/open_medic/2020/atc4/NB_2020_atc4_reg.CSV.gz,3843059.5,6,497.4682281135642,5155.892069846954,,,,,,direct_atc4_region,direct_atc4_region,001,002,sap-v1.0-amendments-001-002,data/interim/insee/full/insee_annual_denominators.parquet
2020,53,Bretagne,12477,132257,10995608.82,10857026.35,data/raw/open_medic/2020/atc4/NB_2020_atc4_reg.CSV.gz,3384201,6,368.6837749885423,3908.071654136382,,,,,,direct_atc4_region,direct_atc4_region,001,002,sap-v1.0-amendments-001-002,data/interim/insee/full/insee_annual_denominators.parquet
2020,75,Nouvelle-Aquitaine,36848,393403,32475148.45,32107326.3,data/raw/open_medic/2020/atc4/NB_2020_atc4_reg.CSV.gz,6051652,6,608.8915886108455,6500.753843743824,,,,,,direct_atc4_region,direct_atc4_region,001,002,sap-v1.0-amendments-001-002,data/interim/insee/full/insee_annual_denominators.parquet
2020,76,Occitanie,35009,359361,29542481.51,29100087.37,data/raw/open_medic/2020/atc4/NB_2020_atc4_reg.CSV.gz,5998072.5,6,583.6708375899091,5991.27469699641,,,,,,direct_atc4_region,direct_atc4_region,001,002,sap-v1.0-amendments-001-002,data/interim/insee/full/insee_annual_denominators.parquet
2020,84,Auvergne-Rhône-Alpes,44221,460272,37970062.67,37422498.55,data/raw/open_medic/2020/atc4/NB_2020_atc4_reg.CSV.gz,8096506.5,6,546.1738343568303,5684.822213135999,,,,,,direct_atc4_region,direct_atc4_region,001,002,sap-v1.0-amendments-001-002,data/interim/insee/full/insee_annual_denominators.parquet
2020,93,Provence-Alpes-Côte d'Azur and Corse,35345,351161,28696848.87,28195794.92,data/raw/open_medic/2020/atc4/NB_2020_atc4_reg.CSV.gz,5458902,6,647.4745287605457,6432.8137783019365,,,,,,direct_atc4_region,direct_atc4_region,001,002,sap-v1.0-amendments-001-002,data/interim/insee/full/insee_annual_denominators.parquet
2021,11,Île-de-France,77978,729198,59170371.49,57459448.2,data/raw/open_medic/2021/atc4/NB_2021_atc4_reg.CSV.gz,12349121.5,6,631.4457267263911,5904.857280738553,15860,25.532051901220253,126.1969115311212,24.97718109093403,20.041286940947156,direct_atc4_region,direct_atc4_region,001,002,sap-v1.0-amendments-001-002,data/interim/insee/full/insee_annual_denominators.parquet
2021,24,Centre-Val de Loire,20302,199171,16160919.12,15946804.69,data/raw/open_medic/2021/atc4/NB_2021_atc4_reg.CSV.gz,2577450,6,787.6777435061787,7727.443791344157,4475,28.27446768180957,172.81800510613493,28.106898909307844,23.31577024759617,direct_atc4_region,direct_atc4_region,001,002,sap-v1.0-amendments-001-002,data/interim/insee/full/insee_annual_denominators.parquet
2021,27,Bourgogne-Franche-Comté,25743,266807,21784235.97,21533190.76,data/raw/open_medic/2021/atc4/NB_2021_atc4_reg.CSV.gz,2802085.5,6,918.7085833034002,9521.729440447125,4485,21.097939599209713,159.75031047793016,21.048628916476186,17.423355544014996,direct_atc4_region,direct_atc4_region,001,002,sap-v1.0-amendments-001-002,data/interim/insee/full/insee_annual_denominators.parquet
2021,28,Normandie,26238,265040,21413435.97,21129649.69,data/raw/open_medic/2021/atc4/NB_2021_atc4_reg.CSV.gz,3333520,6,787.0959226283327,7950.754757733566,4833,22.578836720392424,143.67400618390525,22.32967241430832,19.58346117056795,direct_atc4_region,direct_atc4_region,001,002,sap-v1.0-amendments-001-002,data/interim/insee/full/insee_annual_denominators.parquet
2021,32,Hauts-de-France,60157,630278,51316462.72,50578600.23,data/raw/open_medic/2021/atc4/NB_2021_atc4_reg.CSV.gz,5997104,6,1003.1008300006135,10509.70601810474,10831,21.957993755828564,180.52277505434722,21.94597509243541,16.892621208692972,direct_atc4_region,direct_atc4_region,001,002,sap-v1.0-amendments-001-002,data/interim/insee/full/insee_annual_denominators.parquet
2021,44,Grand Est,49551,504097,40975904.11,40379978.81,data/raw/open_medic/2021/atc4/NB_2021_atc4_reg.CSV.gz,5560683,6,891.0955722525453,9065.379198922146,9995,25.267974517140246,179.9085807392879,25.296944810039346,20.079418203300126,direct_atc4_region,direct_atc4_region,001,002,sap-v1.0-amendments-001-002,data/interim/insee/full/insee_annual_denominators.parquet
2021,5,Overseas regions and departments,25822,244170,25608123.38,25162746.44,data/raw/open_medic/2021/atc4/NB_2021_atc4_reg.CSV.gz,2202915,6,1172.174141989137,11083.95012971449,5151,24.91896860335736,224.9568419731446,23.74923282855439,22.479383615241066,direct_atc4_region,direct_atc4_region,001,002,sap-v1.0-amendments-001-002,data/interim/insee/full/insee_annual_denominators.parquet
2021,52,Pays de la Loire,23969,241940,19593131.69,19345828.29,data/raw/open_medic/2021/atc4/NB_2021_atc4_reg.CSV.gz,3866607.5,6,619.8974165337444,6257.164710925534,4851,25.37399309551209,122.4291884201802,24.610453794092656,22.10311692506459,direct_atc4_region,direct_atc4_region,001,002,sap-v1.0-amendments-001-002,data/interim/insee/full/insee_annual_denominators.parquet
2021,53,Bretagne,15784,163006,13329014.85,13152314.09,data/raw/open_medic/2021/atc4/NB_2021_atc4_reg.CSV.gz,3408706,6,463.0496147218328,4782.049258574954,3307,26.504768774545173,94.3658397332905,25.595332947923488,23.249431032005873,direct_atc4_region,direct_atc4_region,001,002,sap-v1.0-amendments-001-002,data/interim/insee/full/insee_annual_denominators.parquet
2021,75,Nouvelle-Aquitaine,45465,470893,38282949.84,37836306.63,data/raw/open_medic/2021/atc4/NB_2021_atc4_reg.CSV.gz,6091368,6,746.3840634813067,7730.496663475265,8617,23.385258358662607,137.49247487046125,22.580780789589028,19.697358688164556,direct_atc4_region,direct_atc4_region,001,002,sap-v1.0-amendments-001-002,data/interim/insee/full/insee_annual_denominators.parquet
2021,76,Occitanie,43373,431913,35015873.99,34447629.9,data/raw/open_medic/2021/atc4/NB_2021_atc4_reg.CSV.gz,6051453.5,6,716.736896350604,7137.343119301834,8364,23.890999457282412,133.0660587606949,22.798133843751845,20.189169108500927,direct_atc4_region,direct_atc4_region,001,002,sap-v1.0-amendments-001-002,data/interim/insee/full/insee_annual_denominators.parquet
2021,84,Auvergne-Rhône-Alpes,53656,542267,44076862.3,43434632.13,data/raw/open_medic/2021/atc4/NB_2021_atc4_reg.CSV.gz,8139122.5,6,659.2356854194048,6662.474978107284,9435,21.336016824585613,113.06185106257453,20.70070808055373,17.814466228664784,direct_atc4_region,direct_atc4_region,001,002,sap-v1.0-amendments-001-002,data/interim/insee/full/insee_annual_denominators.parquet
2021,93,Provence-Alpes-Côte d'Azur and Corse,43413,413810,33418725.22,32781201.9,data/raw/open_medic/2021/atc4/NB_2021_atc4_reg.CSV.gz,5498512.5,6,789.5408076275176,7525.853583128164,8068,22.826425236950065,142.06627886697186,21.941601183745085,17.840534683521227,direct_atc4_region,direct_atc4_region,001,002,sap-v1.0-amendments-001-002,data/interim/insee/full/insee_annual_denominators.parquet
2022,11,Île-de-France,97399,905012,73231926.02,69863248.19,data/raw/open_medic/2022/atc4/NB_2022_atc4_reg.CSV.gz,12422015.5,6,784.0837100871432,7285.5487903714165,19421,24.905742645361517,152.63798336075217,24.17277952803236,24.11059821886512,direct_atc4_region,direct_atc4_region,001,002,sap-v1.0-amendments-001-002,data/interim/insee/full/insee_annual_denominators.parquet
2022,24,Centre-Val de Loire,25632,252739,20451249.07,20072750.66,data/raw/open_medic/2022/atc4/NB_2022_atc4_reg.CSV.gz,2584314,6,991.8299401698092,9779.73264858682,5330,26.2535710767412,204.15219666363055,25.918238562243843,26.895481771944716,direct_atc4_region,direct_atc4_region,001,002,sap-v1.0-amendments-001-002,data/interim/insee/full/insee_annual_denominators.parquet
2022,27,Bourgogne-Franche-Comté,31261,318347,25878958,25405043.74,data/raw/open_medic/2022/atc4/NB_2022_atc4_reg.CSV.gz,2803323.5,6,1115.1406535849321,11356.05648081643,5518,21.434953191158755,196.43207028153188,21.381325248450512,19.317334252849427,direct_atc4_region,direct_atc4_region,001,002,sap-v1.0-amendments-001-002,data/interim/insee/full/insee_annual_denominators.parquet
2022,28,Normandie,31603,321111,25924949.68,25490124.07,data/raw/open_medic/2022/atc4/NB_2022_atc4_reg.CSV.gz,3342458,6,945.5017834180713,9607.031711393232,5365,20.447442640445157,158.40586078973865,20.125356546223404,21.15567461515242,direct_atc4_region,direct_atc4_region,001,002,sap-v1.0-amendments-001-002,data/interim/insee/full/insee_annual_denominators.parquet
2022,32,Hauts-de-France,72771,753511,61146714.53,59888444.78,data/raw/open_medic/2022/atc4/NB_2022_atc4_reg.CSV.gz,5995555,6,1213.7491858551878,12567.827332081852,12614,20.968465847698514,210.64835585457422,20.999719026694997,19.552165869663863,direct_atc4_region,direct_atc4_region,001,002,sap-v1.0-amendments-001-002,data/interim/insee/full/insee_annual_denominators.parquet
2022,44,Grand Est,61187,621515,50388017.41,49307384.76,data/raw/open_medic/2022/atc4/NB_2022_atc4_reg.CSV.gz,5561728.5,6,1100.1435974445715,11174.853285269139,11636,23.482876228532223,209.04802519202622,23.459663778104822,23.292739294223132,direct_atc4_region,direct_atc4_region,001,002,sap-v1.0-amendments-001-002,data/interim/insee/full/insee_annual_denominators.parquet
2022,5,Overseas regions and departments,31549,294056,30692506.12,29968352.73,data/raw/open_medic/2022/atc4/NB_2022_atc4_reg.CSV.gz,2226490,6,1416.9836828371112,13207.155657559657,5727,22.178762295716826,244.80954084797418,20.88508286256352,20.430847360445583,direct_atc4_region,direct_atc4_region,001,002,sap-v1.0-amendments-001-002,data/interim/insee/full/insee_annual_denominators.parquet
2022,52,Pays de la Loire,29749,301174,24340898.05,23938342.53,data/raw/open_medic/2022/atc4/NB_2022_atc4_reg.CSV.gz,3893186,6,764.1299439584957,7735.926308170224,5780,24.11448120488966,144.2325274247513,23.267160594288416,24.482929651979823,direct_atc4_region,direct_atc4_region,001,002,sap-v1.0-amendments-001-002,data/interim/insee/full/insee_annual_denominators.parquet
2022,53,Bretagne,19865,202733,16515446.05,16227989.24,data/raw/open_medic/2022/atc4/NB_2022_atc4_reg.CSV.gz,3436107.5,6,578.1251023141738,5900.07734042081,4081,25.85529650278764,115.07548759234095,24.85165389058148,24.37149552777198,direct_atc4_region,direct_atc4_region,001,002,sap-v1.0-amendments-001-002,data/interim/insee/full/insee_annual_denominators.parquet
2022,75,Nouvelle-Aquitaine,55283,569994,46208856.05,45453770.32,data/raw/open_medic/2022/atc4/NB_2022_atc4_reg.CSV.gz,6131917.5,6,901.561379454306,9295.526236287425,9818,21.59463323435611,155.17731597299928,20.790545185171382,21.04533301620537,direct_atc4_region,direct_atc4_region,001,002,sap-v1.0-amendments-001-002,data/interim/insee/full/insee_annual_denominators.parquet
2022,76,Occitanie,52734,523090,42346734.52,41326817.11,data/raw/open_medic/2022/atc4/NB_2022_atc4_reg.CSV.gz,6102692,6,864.110461416044,8571.463216560822,9361,21.58255135683489,147.37356506544006,20.56173831929391,21.110038364207618,direct_atc4_region,direct_atc4_region,001,002,sap-v1.0-amendments-001-002,data/interim/insee/full/insee_annual_denominators.parquet
2022,84,Auvergne-Rhône-Alpes,64874,654201,53062631.05,52001376.5,data/raw/open_medic/2022/atc4/NB_2022_atc4_reg.CSV.gz,8184720.5,6,792.6232789500876,7992.954676949566,11218,20.90726107052334,133.3875935306828,20.23367309763,20.641860928288104,direct_atc4_region,direct_atc4_region,001,002,sap-v1.0-amendments-001-002,data/interim/insee/full/insee_annual_denominators.parquet
2022,93,Provence-Alpes-Côte d'Azur and Corse,53553,517869,41803646.49,40522739.89,data/raw/open_medic/2022/atc4/NB_2022_atc4_reg.CSV.gz,5548017,6,965.2638050676485,9334.308096027824,10140,23.35705894547717,175.72299744013094,22.256354040541492,25.146564848602004,direct_atc4_region,direct_atc4_region,001,002,sap-v1.0-amendments-001-002,data/interim/insee/full/insee_annual_denominators.parquet
2023,11,Île-de-France,119000,1099227,87678449.5,82780300.07,data/raw/open_medic/2023/atc4/NB_2023_atc4_reg.CSV.gz,12485304.5,6,953.1205266159108,8804.166530339728,21601,22.177845768437045,169.03681652876753,21.558516565786157,21.459936442831705,direct_atc4_region,direct_atc4_region,001,002,sap-v1.0-amendments-001-002,data/interim/insee/full/insee_annual_denominators.parquet
2023,24,Centre-Val de Loire,31124,308078,24615487.91,24098257.02,data/raw/open_medic/2023/atc4/NB_2023_atc4_reg.CSV.gz,2587518.5,6,1202.8513032853677,11906.311008017914,5492,21.426342072409497,211.02136311555853,21.275962195639096,21.895710594724193,direct_atc4_region,direct_atc4_region,001,002,sap-v1.0-amendments-001-002,data/interim/insee/full/insee_annual_denominators.parquet
2023,27,Bourgogne-Franche-Comté,37330,379277,30428336.38,29727282.91,data/raw/open_medic/2023/atc4/NB_2023_atc4_reg.CSV.gz,2801425,6,1332.5361200103519,13538.71690300472,6069,19.41396628386809,217.39546642541973,19.494892032367495,19.139492440638683,direct_atc4_region,direct_atc4_region,001,002,sap-v1.0-amendments-001-002,data/interim/insee/full/insee_annual_denominators.parquet
2023,28,Normandie,37185,380806,30462919.77,29893890.36,data/raw/open_medic/2023/atc4/NB_2023_atc4_reg.CSV.gz,3347401,6,1110.8618298196122,11376.169153322235,5582,17.662880106319022,165.3600464015409,17.489131094364517,18.590144840880573,direct_atc4_region,direct_atc4_region,001,002,sap-v1.0-amendments-001-002,data/interim/insee/full/insee_annual_denominators.parquet
2023,32,Hauts-de-France,86239,895669,71703034.51,69972339.39,data/raw/open_medic/2023/atc4/NB_2023_atc4_reg.CSV.gz,5988017,6,1440.1929720640405,14957.689665877702,13468,18.50737244231906,226.44378620885277,18.6565551472897,18.866081583414186,direct_atc4_region,direct_atc4_region,001,002,sap-v1.0-amendments-001-002,data/interim/insee/full/insee_annual_denominators.parquet
2023,44,Grand Est,73672,746698,59738777.44,58275715.14,data/raw/open_medic/2023/atc4/NB_2023_atc4_reg.CSV.gz,5560417.5,6,1324.9364818379195,13428.81177537478,12485,20.40466112082633,224.792884393348,20.433049368782406,20.141589503069124,direct_atc4_region,direct_atc4_region,001,002,sap-v1.0-amendments-001-002,data/interim/insee/full/insee_annual_denominators.parquet
2023,5,Overseas regions and departments,38538,350517,36161679.06,35163943.3,data/raw/open_medic/2023/atc4/NB_2023_atc4_reg.CSV.gz,2248777,6,1713.7315082820573,15587.0057368961,6989,22.15284161146154,296.7478254449461,20.942218957016646,19.200764480235065,direct_atc4_region,direct_atc4_region,001,002,sap-v1.0-amendments-001-002,data/interim/insee/full/insee_annual_denominators.parquet
2023,52,Pays de la Loire,35335,362305,28964497.58,28448536.41,data/raw/open_medic/2023/atc4/NB_2023_atc4_reg.CSV.gz,3917013.5,6,902.090329788243,9249.521350896544,5586,18.77710175131937,137.96038582974734,18.0545713357414,20.297568847244452,direct_atc4_region,direct_atc4_region,001,002,sap-v1.0-amendments-001-002,data/interim/insee/full/insee_annual_denominators.parquet
2023,53,Bretagne,24058,247076,19898641.37,19535623.37,data/raw/open_medic/2023/atc4/NB_2023_atc4_reg.CSV.gz,3459540.5,6,695.4102719710897,7141.873321037866,4193,21.10747545935061,117.28516965691597,20.28716089085836,21.872610773776337,direct_atc4_region,direct_atc4_region,001,002,sap-v1.0-amendments-001-002,data/interim/insee/full/insee_annual_denominators.parquet
2023,75,Nouvelle-Aquitaine,65821,677855,54292459.6,53303420.99,data/raw/open_medic/2023/atc4/NB_2023_atc4_reg.CSV.gz,6166168,6,1067.453887081896,10993.132201393151,10538,19.061917768572624,165.89250762759002,18.40057830871158,18.92318164752611,direct_atc4_region,direct_atc4_region,001,002,sap-v1.0-amendments-001-002,data/interim/insee/full/insee_annual_denominators.parquet
2023,76,Occitanie,63281,624245,49922148.74,48589528.33,data/raw/open_medic/2023/atc4/NB_2023_atc4_reg.CSV.gz,6145261,6,1029.752845322599,10158.152761941275,10547,20.000379261956237,165.64238390655487,19.169121461058538,19.33797243304212,direct_atc4_region,direct_atc4_region,001,002,sap-v1.0-amendments-001-002,data/interim/insee/full/insee_annual_denominators.parquet
2023,84,Auvergne-Rhône-Alpes,77425,774086,62106058.39,60604701.46,data/raw/open_medic/2023/atc4/NB_2023_atc4_reg.CSV.gz,8221946,6,941.6870409997828,9414.875748393386,12551,19.3467336683417,149.06376204969513,18.806382049130033,18.32540763465662,direct_atc4_region,direct_atc4_region,001,002,sap-v1.0-amendments-001-002,data/interim/insee/full/insee_annual_denominators.parquet
2023,93,Provence-Alpes-Côte d'Azur and Corse,64860,622245,49699886.09,47923244.45,data/raw/open_medic/2023/atc4/NB_2023_atc4_reg.CSV.gz,5592820.5,6,1159.7010846316273,11125.781705313088,11307,21.11366310010643,194.4372795639788,20.143434213857425,20.154904039438538,direct_atc4_region,direct_atc4_region,001,002,sap-v1.0-amendments-001-002,data/interim/insee/full/insee_annual_denominators.parquet
2024,11,Île-de-France,126910,1144585,90029183.02,85272061.67,data/raw/open_medic/2024/atc4/NB_2024_atc4_reg.CSV.gz,12528415,6,1012.9773000016363,9135.912244286288,7910,6.647058823529406,59.856773385725546,6.280084387464524,4.126354247120934,direct_atc4_region,direct_atc4_region,001,002,sap-v1.0-amendments-001-002,data/interim/insee/full/insee_annual_denominators.parquet
2024,24,Centre-Val de Loire,31415,296479,23349682.97,22860116.53,data/raw/open_medic/2024/atc4/NB_2024_atc4_reg.CSV.gz,2588156,6,1213.798550010123,11455.221400873826,291,0.9349697982264482,10.94724672475536,0.9101080652990978,-3.764955628120148,direct_atc4_region,direct_atc4_region,001,002,sap-v1.0-amendments-001-002,data/interim/insee/full/insee_annual_denominators.parquet
2024,27,Bourgogne-Franche-Comté,37212,354661,27988328.8,27357008.63,data/raw/open_medic/2024/atc4/NB_2024_atc4_reg.CSV.gz,2798529,6,1329.6985666398311,12673.122200984873,-118,-0.31609965175461996,-2.837553370520709,-0.2129438240292214,-6.490243278659136,direct_atc4_region,direct_atc4_region,001,002,sap-v1.0-amendments-001-002,data/interim/insee/full/insee_annual_denominators.parquet
2024,28,Normandie,37692,368032,29030477.09,28460661.26,data/raw/open_medic/2024/atc4/NB_2024_atc4_reg.CSV.gz,3349971,6,1125.1440684113386,10986.124954514531,507,1.363453005244053,14.282238591726355,1.2856899218551376,-3.3544639527738562,direct_atc4_region,direct_atc4_region,001,002,sap-v1.0-amendments-001-002,data/interim/insee/full/insee_annual_denominators.parquet
2024,32,Hauts-de-France,86611,846663,66713806.29,65119636.15,data/raw/open_medic/2024/atc4/NB_2024_atc4_reg.CSV.gz,5979143.5,6,1448.551953971334,14160.272286490534,372,0.4313593617736755,8.358981907293355,0.5804070752625234,-5.471440900600555,direct_atc4_region,direct_atc4_region,001,002,sap-v1.0-amendments-001-002,data/interim/insee/full/insee_annual_denominators.parquet
2024,44,Grand Est,74732,726179,57155639.7,55740238.39,data/raw/open_medic/2024/atc4/NB_2024_atc4_reg.CSV.gz,5553806,6,1345.5997562752461,13075.339685973908,1060,1.438809859919643,20.663274437326663,1.5595671732627547,-2.7479650407527534,direct_atc4_region,direct_atc4_region,001,002,sap-v1.0-amendments-001-002,data/interim/insee/full/insee_annual_denominators.parquet
2024,5,Overseas regions and departments,43125,397684,40527213.76,39347428.77,data/raw/open_medic/2024/atc4/NB_2024_atc4_reg.CSV.gz,2265987.5,6,1903.1437728584115,17550.140942966365,4587,11.902537754943165,189.41226457635412,11.052621934122687,13.456408676326692,direct_atc4_region,direct_atc4_region,001,002,sap-v1.0-amendments-001-002,data/interim/insee/full/insee_annual_denominators.parquet
2024,52,Pays de la Loire,36293,362400,28549819.73,28063779.58,data/raw/open_medic/2024/atc4/NB_2024_atc4_reg.CSV.gz,3936115,6,922.0513120170524,9207.048066430985,958,2.7111928682609365,19.96098222880937,2.2127476118156686,0.02622100164226815,direct_atc4_region,direct_atc4_region,001,002,sap-v1.0-amendments-001-002,data/interim/insee/full/insee_annual_denominators.parquet
2024,53,Bretagne,25649,255785,20280161.71,19919707.52,data/raw/open_medic/2024/atc4/NB_2024_atc4_reg.CSV.gz,3479481.5,6,737.150061007653,7351.238970519026,1591,6.613184803391814,41.73978903656325,6.00218183695429,3.52482636921434,direct_atc4_region,direct_atc4_region,001,002,sap-v1.0-amendments-001-002,data/interim/insee/full/insee_annual_denominators.parquet
2024,75,Nouvelle-Aquitaine,68460,683509,53927616.77,52928124.63,data/raw/open_medic/2024/atc4/NB_2024_atc4_reg.CSV.gz,6196362,6,1104.8418410673876,11030.811305085144,2639,4.009358715303635,37.38795398549155,3.502535747722013,0.8341016884141794,direct_atc4_region,direct_atc4_region,001,002,sap-v1.0-amendments-001-002,data/interim/insee/full/insee_annual_denominators.parquet
2024,76,Occitanie,65549,634710,50012503.74,48670370.11,data/raw/open_medic/2024/atc4/NB_2024_atc4_reg.CSV.gz,6185722,6,1059.68228122764,10260.887896352278,2268,3.584014159068283,29.929435905041146,2.906467900621812,1.6764251215468207,direct_atc4_region,direct_atc4_region,001,002,sap-v1.0-amendments-001-002,data/interim/insee/full/insee_annual_denominators.parquet
2024,84,Auvergne-Rhône-Alpes,78266,758315,59933422.26,58494874.04,data/raw/open_medic/2024/atc4/NB_2024_atc4_reg.CSV.gz,8254211.5,6,948.1947488260994,9187.007141748185,841,1.0862124636745296,6.507707826316619,0.6910690646658502,-2.0373705247220597,direct_atc4_region,direct_atc4_region,001,002,sap-v1.0-amendments-001-002,data/interim/insee/full/insee_annual_denominators.parquet
2024,93,Provence-Alpes-Côte d'Azur and Corse,69310,646761,50986972.86,49167426.09,data/raw/open_medic/2024/atc4/NB_2024_atc4_reg.CSV.gz,5629286.5,6,1231.2395185428918,11489.21803855604,4450,6.8609312365094155,71.53843391126452,6.168695956164272,3.939927199093596,direct_atc4_region,direct_atc4_region,001,002,sap-v1.0-amendments-001-002,data/interim/insee/full/insee_annual_denominators.parquet
2025,11,Île-de-France,149392,1323908,102665611.66,97289197.99,data/raw/open_medic/2025/atc4/NB_2025_atc4_reg.CSV.gz,12571895,6,1188.3013658640962,10530.695650894317,22482,17.71491608226301,175.32406586245986,17.30779809796099,15.667075839714828,direct_atc4_region,direct_atc4_region,001,002,sap-v1.0-amendments-001-002,data/interim/insee/full/insee_annual_denominators.parquet
2025,24,Centre-Val de Loire,37575,353167,27419641.21,26766449.16,data/raw/open_medic/2025/atc4/NB_2025_atc4_reg.CSV.gz,2588796,6,1451.4469274519893,13642.1332542232,6160,19.608467292694563,237.64837744186616,19.57889778661246,19.120409877259426,direct_atc4_region,direct_atc4_region,001,002,sap-v1.0-amendments-001-002,data/interim/insee/full/insee_annual_denominators.parquet
2025,27,Bourgogne-Franche-Comté,43640,422785,32834992.68,32162147.7,data/raw/open_medic/2025/atc4/NB_2025_atc4_reg.CSV.gz,2795460.5,6,1561.1023657819526,15123.984044846995,6428,17.273997635171455,231.40379914212144,17.40272607248743,19.20820163480055,direct_atc4_region,direct_atc4_region,001,002,sap-v1.0-amendments-001-002,data/interim/insee/full/insee_annual_denominators.parquet
2025,28,Normandie,44999,439079,34216484.75,33470274.8,data/raw/open_medic/2025/atc4/NB_2025_atc4_reg.CSV.gz,3352354,6,1342.310507780503,13097.632290623245,7307,19.386076621033645,217.16643936916444,19.301211770666438,19.304571341622466,direct_atc4_region,direct_atc4_region,001,002,sap-v1.0-amendments-001-002,data/interim/insee/full/insee_annual_denominators.parquet
2025,32,Hauts-de-France,100018,985494,76318184.32,74468127.74,data/raw/open_medic/2025/atc4/NB_2025_atc4_reg.CSV.gz,5970105.5,6,1675.3137779558501,16507.145476742415,13407,15.479558023807606,226.76182398451624,15.654379766140147,16.39743321723046,direct_atc4_region,direct_atc4_region,001,002,sap-v1.0-amendments-001-002,data/interim/insee/full/insee_annual_denominators.parquet
2025,44,Grand Est,88986,862259,66768069.88,65115995.65,data/raw/open_medic/2025/atc4/NB_2025_atc4_reg.CSV.gz,5547213,6,1604.156898247823,15544.003808759462,14254,19.0734892683188,258.5571419725768,19.21501105858465,18.739181386407488,direct_atc4_region,direct_atc4_region,001,002,sap-v1.0-amendments-001-002,data/interim/insee/full/insee_annual_denominators.parquet
2025,5,Overseas regions and departments,48053,435921,43710085.53,42258993.58,data/raw/open_medic/2025/atc4/NB_2025_atc4_reg.CSV.gz,2281300,6,2106.386709332398,19108.4469381493,4928,11.427246376811585,203.24293647398645,10.679326458280514,9.614920389052607,direct_atc4_region,direct_atc4_region,001,002,sap-v1.0-amendments-001-002,data/interim/insee/full/insee_annual_denominators.parquet
2025,52,Pays de la Loire,43553,431559,33599017.52,32958038.07,data/raw/open_medic/2025/atc4/NB_2025_atc4_reg.CSV.gz,3955292.5,6,1101.1322171495533,10910.92504536643,7260,20.003857493180497,179.0809051325009,19.422010770826702,19.083609271523173,direct_atc4_region,direct_atc4_region,001,002,sap-v1.0-amendments-001-002,data/interim/insee/full/insee_annual_denominators.parquet
2025,53,Bretagne,32023,311877,24282858.74,23795984.63,data/raw/open_medic/2025/atc4/NB_2025_atc4_reg.CSV.gz,3499655,6,915.033053258107,8911.649862629316,6374,24.850871379001127,177.88299225045398,24.13117785099217,21.929354731512785,direct_atc4_region,direct_atc4_region,001,002,sap-v1.0-amendments-001-002,data/interim/insee/full/insee_annual_denominators.parquet
2025,75,Nouvelle-Aquitaine,83386,819360,63671341.69,62199088.72,data/raw/open_medic/2025/atc4/NB_2025_atc4_reg.CSV.gz,6226311.5,6,1339.2519792817948,13159.637130265648,14926,21.802512416009346,234.4101382144072,21.21662390953112,19.875524682191447,direct_atc4_region,direct_atc4_region,001,002,sap-v1.0-amendments-001-002,data/interim/insee/full/insee_annual_denominators.parquet
2025,76,Occitanie,79663,757918,58841089.88,57072862.02,data/raw/open_medic/2025/atc4/NB_2025_atc4_reg.CSV.gz,6226281.5,6,1279.4635128527357,12172.883606370833,14114,21.53198370684526,219.78123162509564,20.740295041121136,19.41169983141908,direct_atc4_region,direct_atc4_region,001,002,sap-v1.0-amendments-001-002,data/interim/insee/full/insee_annual_denominators.parquet
2025,84,Auvergne-Rhône-Alpes,95294,912740,71002535.6,69081312.92,data/raw/open_medic/2025/atc4/NB_2025_atc4_reg.CSV.gz,8286639.5,6,1149.9715898103204,11014.597654453293,17028,21.756573735721773,201.77684098422105,21.280105298413467,20.364228585746027,direct_atc4_region,direct_atc4_region,001,002,sap-v1.0-amendments-001-002,data/interim/insee/full/insee_annual_denominators.parquet
2025,93,Provence-Alpes-Côte d'Azur and Corse,83272,764655,59510414.2,57234204.86,data/raw/open_medic/2025/atc4/NB_2025_atc4_reg.CSV.gz,5665692,6,1469.7586808460467,13496.233116801974,13962,20.14427932477276,238.51916230315487,19.372279618301235,18.22837184060264,direct_atc4_region,direct_atc4_region,001,002,sap-v1.0-amendments-001-002,data/interim/insee/full/insee_annual_denominators.parquet
