study_year,region_code,region_name,region_display,standardised_rate_per_100000,standardised_rate_lower_per_100000,standardised_rate_upper_per_100000,standardised_plot_rate_per_100000,standardisation_status
2020,11,Île-de-France,Île-de-France,590.4388872784205,590.4388872784205,590.4388872784205,590.4388872784205,point_complete_observed
2021,11,Île-de-France,Île-de-France,732.9620159214646,732.9620159214646,732.9620159214646,732.9620159214646,point_complete_observed
2022,11,Île-de-France,Île-de-France,901.3937104377884,901.3937104377884,901.3937104377884,901.3937104377884,point_complete_observed
2023,11,Île-de-France,Île-de-France,1083.1537122053148,1083.1537122053148,1083.1537122053148,1083.1537122053148,point_complete_observed
2024,11,Île-de-France,Île-de-France,1140.7597279990764,1140.7597279990764,1140.7597279990764,1140.7597279990764,point_complete_observed
2025,11,Île-de-France,Île-de-France,1323.1813907544588,1323.1813907544588,1323.1813907544588,1323.1813907544588,point_complete_observed
2020,24,Centre-Val de Loire,Centre-Val de Loire,607.605314440961,607.605314440961,607.605314440961,607.605314440961,point_with_structural_zero
2021,24,Centre-Val de Loire,Centre-Val de Loire,774.2511499479077,774.2511499479077,774.2511499479077,774.2511499479077,point_with_structural_zero
2022,24,Centre-Val de Loire,Centre-Val de Loire,969.6873647854447,969.6873647854447,969.6873647854447,969.6873647854447,point_with_structural_zero
2023,24,Centre-Val de Loire,Centre-Val de Loire,1169.7749163473725,1169.7749163473725,1169.7749163473725,1169.7749163473725,point_complete_observed
2024,24,Centre-Val de Loire,Centre-Val de Loire,1172.587063825335,1172.587063825335,1172.587063825335,1172.587063825335,point_complete_observed
2025,24,Centre-Val de Loire,Centre-Val de Loire,1395.3654435173,1395.3654435173,1395.3654435173,1395.3654435173,point_complete_observed
2020,27,Bourgogne-Franche-Comté,Bourgogne-Franche-Comté,735.3307641077179,735.3307641077179,735.3307641077179,735.3307641077179,point_with_structural_zero
2021,27,Bourgogne-Franche-Comté,Bourgogne-Franche-Comté,884.7795427959918,884.7795427959918,884.7795427959918,884.7795427959918,point_with_structural_zero
2022,27,Bourgogne-Franche-Comté,Bourgogne-Franche-Comté,1066.9454226441665,1066.9454226441665,1066.9454226441665,1066.9454226441665,point_with_structural_zero
2023,27,Bourgogne-Franche-Comté,Bourgogne-Franche-Comté,1266.3697391743756,1266.3697391743756,1266.3697391743756,1266.3697391743756,point_with_structural_zero
2024,27,Bourgogne-Franche-Comté,Bourgogne-Franche-Comté,1253.574530555811,1253.574530555811,1253.574530555811,1253.574530555811,point_with_structural_zero
2025,27,Bourgogne-Franche-Comté,Bourgogne-Franche-Comté,1464.2744017024504,1464.2744017024504,1464.2744017024504,1464.2744017024504,point_with_structural_zero
2020,28,Normandie,Normandie,646.6067244544131,646.6067244544131,646.6067244544131,646.6067244544131,point_with_structural_zero
2021,28,Normandie,Normandie,784.5346584943079,784.5346584943079,784.5346584943079,784.5346584943079,point_with_structural_zero
2022,28,Normandie,Normandie,935.0288569474138,935.0288569474138,935.0288569474138,935.0288569474138,point_with_structural_zero
2023,28,Normandie,Normandie,1089.4808189773555,1089.4808189773555,1089.4808189773555,1089.4808189773555,point_with_structural_zero
2024,28,Normandie,Normandie,1094.0078644622342,1094.0078644622342,1094.0078644622342,1094.0078644622342,point_with_structural_zero
2025,28,Normandie,Normandie,1296.9113895831088,1296.9113895831088,1296.9113895831088,1296.9113895831088,point_with_structural_zero
2020,32,Hauts-de-France,Hauts-de-France,895.2314361507341,895.2314361507341,895.2314361507341,895.2314361507341,point_with_structural_zero
2021,32,Hauts-de-France,Hauts-de-France,1084.364620112765,1084.364620112765,1084.364620112765,1084.364620112765,point_with_structural_zero
2022,32,Hauts-de-France,Hauts-de-France,1302.8288262205663,1302.8288262205663,1302.8288262205663,1302.8288262205663,point_complete_observed
2023,32,Hauts-de-France,Hauts-de-France,1531.8827287057215,1531.8827287057215,1531.8827287057215,1531.8827287057215,point_complete_observed
2024,32,Hauts-de-France,Hauts-de-France,1526.9011680338194,1526.9011680338194,1526.9011680338194,1526.9011680338194,point_complete_observed
2025,32,Hauts-de-France,Hauts-de-France,1747.1649451613903,1747.1649451613903,1747.1649451613903,1747.1649451613903,point_complete_observed
2020,44,Grand Est,Grand Est,723.0993313156991,723.0993313156991,723.0993313156991,723.0993313156991,point_with_structural_zero
2021,44,Grand Est,Grand Est,900.3893838320336,900.3893838320336,900.3893838320336,900.3893838320336,point_with_structural_zero
2022,44,Grand Est,Grand Est,1103.6044057191773,1103.6044057191773,1103.6044057191773,1103.6044057191773,point_complete_observed
2023,44,Grand Est,Grand Est,1318.0041295570072,1318.0041295570072,1318.0041295570072,1318.0041295570072,point_complete_observed
2024,44,Grand Est,Grand Est,1326.5622586899917,1326.5622586899917,1326.5622586899917,1326.5622586899917,point_complete_observed
2025,44,Grand Est,Grand Est,1568.1796923756413,1568.1796923756413,1568.1796923756413,1568.1796923756413,point_complete_observed
2020,5,Overseas regions and departments,Overseas regions/departments,1170.8359365567894,1170.8359365567894,1170.8359365567894,1170.8359365567894,point_with_structural_zero
2021,5,Overseas regions and departments,Overseas regions/departments,1433.3437564703386,1433.3437564703386,1433.3437564703386,1433.3437564703386,point_with_structural_zero
2022,5,Overseas regions and departments,Overseas regions/departments,1709.419453361158,1709.419453361158,1709.419453361158,1709.419453361158,point_with_structural_zero
2023,5,Overseas regions and departments,Overseas regions/departments,2037.6333720724106,2037.6333720724106,2037.6333720724106,2037.6333720724106,point_complete_observed
2024,5,Overseas regions and departments,Overseas regions/departments,2232.13588136921,2232.13588136921,2232.13588136921,2232.13588136921,point_complete_observed
2025,5,Overseas regions and departments,Overseas regions/departments,2435.865767444098,2435.865767444098,2435.865767444098,2435.865767444098,point_complete_observed
2020,52,Pays de la Loire,Pays de la Loire,512.6777247744496,512.6777247744496,512.6777247744496,512.6777247744496,point_with_structural_zero
2021,52,Pays de la Loire,Pays de la Loire,634.9876717954248,634.9876717954248,634.9876717954248,634.9876717954248,point_complete_observed
2022,52,Pays de la Loire,Pays de la Loire,776.929300441656,776.929300441656,776.929300441656,776.929300441656,point_with_structural_zero
2023,52,Pays de la Loire,Pays de la Loire,909.73612693245,909.73612693245,909.73612693245,909.73612693245,point_complete_observed
2024,52,Pays de la Loire,Pays de la Loire,922.3712488035749,922.3712488035749,922.3712488035749,922.3712488035749,point_complete_observed
2025,52,Pays de la Loire,Pays de la Loire,1093.1302387671137,1093.1302387671137,1093.1302387671137,1093.1302387671137,point_complete_observed
2020,53,Bretagne,Bretagne,364.34360358760773,364.34360358760773,364.34360358760773,364.34360358760773,point_with_structural_zero
2021,53,Bretagne,Bretagne,454.32702847825647,454.32702847825647,454.32702847825647,454.32702847825647,point_with_structural_zero
2022,53,Bretagne,Bretagne,562.4129795572426,562.4129795572426,562.4129795572426,562.4129795572426,point_with_structural_zero
2023,53,Bretagne,Bretagne,670.189105477155,670.189105477155,670.189105477155,670.189105477155,point_with_structural_zero
2024,53,Bretagne,Bretagne,704.1683573431568,704.1683573431568,704.1683573431568,704.1683573431568,point_with_structural_zero
2025,53,Bretagne,Bretagne,868.1991852659177,868.1991852659177,868.1991852659177,868.1991852659177,point_with_structural_zero
2020,75,Nouvelle-Aquitaine,Nouvelle-Aquitaine,,578.8795036387327,579.0884663887459,578.9839850137394,interval_due_to_unknown_age
2021,75,Nouvelle-Aquitaine,Nouvelle-Aquitaine,,704.4006402171925,705.0130423563941,704.7068412867933,interval_due_to_unknown_age
2022,75,Nouvelle-Aquitaine,Nouvelle-Aquitaine,844.8685263901588,844.8685263901588,844.8685263901588,844.8685263901588,point_complete_observed
2023,75,Nouvelle-Aquitaine,Nouvelle-Aquitaine,993.0427061772469,993.0427061772469,993.0427061772469,993.0427061772469,point_complete_observed
2024,75,Nouvelle-Aquitaine,Nouvelle-Aquitaine,1019.8139693504339,1019.8139693504339,1019.8139693504339,1019.8139693504339,point_complete_observed
2025,75,Nouvelle-Aquitaine,Nouvelle-Aquitaine,1229.8964567024368,1229.8964567024368,1229.8964567024368,1229.8964567024368,point_complete_observed
2020,76,Occitanie,Occitanie,,568.7466310881712,571.2574969798465,570.0020640340088,interval_due_to_unknown_age
2021,76,Occitanie,Occitanie,695.2367676292504,695.2367676292504,695.2367676292504,695.2367676292504,point_complete_observed
2022,76,Occitanie,Occitanie,833.6955933725839,833.6955933725839,833.6955933725839,833.6955933725839,point_complete_observed
2023,76,Occitanie,Occitanie,986.5396798554398,986.5396798554398,986.5396798554398,986.5396798554398,point_complete_observed
2024,76,Occitanie,Occitanie,1007.3411034066978,1007.3411034066978,1007.3411034066978,1007.3411034066978,point_complete_observed
2025,76,Occitanie,Occitanie,1209.0609808021532,1209.0609808021532,1209.0609808021532,1209.0609808021532,point_complete_observed
2020,84,Auvergne-Rhône-Alpes,Auvergne-Rhône-Alpes,572.0438826761344,572.0438826761344,572.0438826761344,572.0438826761344,point_with_structural_zero
2021,84,Auvergne-Rhône-Alpes,Auvergne-Rhône-Alpes,687.4134103654555,687.4134103654555,687.4134103654555,687.4134103654555,point_complete_observed
2022,84,Auvergne-Rhône-Alpes,Auvergne-Rhône-Alpes,821.1060574105682,821.1060574105682,821.1060574105682,821.1060574105682,point_complete_observed
2023,84,Auvergne-Rhône-Alpes,Auvergne-Rhône-Alpes,967.3420505593858,967.3420505593858,967.3420505593858,967.3420505593858,point_complete_observed
2024,84,Auvergne-Rhône-Alpes,Auvergne-Rhône-Alpes,965.756545306002,965.756545306002,965.756545306002,965.756545306002,point_complete_observed
2025,84,Auvergne-Rhône-Alpes,Auvergne-Rhône-Alpes,1160.7348288101084,1160.7348288101084,1160.7348288101084,1160.7348288101084,point_complete_observed
2020,93,Provence-Alpes-Côte d'Azur and Corse,Provence-Alpes-Côte d'Azur/Corse,,628.313361330378,628.7272896509787,628.5203254906784,interval_due_to_unknown_age
2021,93,Provence-Alpes-Côte d'Azur and Corse,Provence-Alpes-Côte d'Azur/Corse,761.7120758372173,761.7120758372173,761.7120758372173,761.7120758372173,point_complete_observed
2022,93,Provence-Alpes-Côte d'Azur and Corse,Provence-Alpes-Côte d'Azur/Corse,925.40778007404106,925.40778007404106,925.40778007404106,925.40778007404106,point_complete_observed
2023,93,Provence-Alpes-Côte d'Azur and Corse,Provence-Alpes-Côte d'Azur/Corse,1104.5892331506384,1104.5892331506384,1104.5892331506384,1104.5892331506384,point_complete_observed
2024,93,Provence-Alpes-Côte d'Azur and Corse,Provence-Alpes-Côte d'Azur/Corse,1163.353345354302,1163.353345354302,1163.353345354302,1163.353345354302,point_complete_observed
2025,93,Provence-Alpes-Côte d'Azur and Corse,Provence-Alpes-Côte d'Azur/Corse,1379.9660513528881,1379.9660513528881,1379.9660513528881,1379.9660513528881,point_complete_observed
